product_id,sales,view_count
6551491,2100,50000
6448424,1000,20000
6154808,17000,310000
6520342,1400,50000
6154816,16000,240000
6238769,20000,270000
6190784,50,200
6154823,8300,190000
6230348,4100,70000
6197077,9500,150000
6213122,6700,190000
6148671,14000,110000
6109248,5800,60000
6520341,1100,60000
6317950,3300,50000
6108801,6000,100000
6201953,2100,90000
6104960,19000,90000
6154825,1900,40000
6219957,5400,60000
6391150,3400,50000
6359182,1600,130000
6497835,600,15000
6429010,1000,80000
6345635,300,19000
6237058,50,3200
6204360,700,30000
5945896,7000,50000
6234189,1300,19000
6038616,1200,6300
6108783,2500,40000
6116290,2200,20000
6184022,7600,90000
6102395,13000,100000
6307599,1600,50000
6429005,1400,80000
6265546,3400,60000
6103287,3800,70000
6156527,1900,30000
6328416,50,450
6014700,2900,90000
6308657,1700,50000
6200657,8400,110000
6497498,900,18000
6389199,400,30000
6154812,2800,70000
5951638,700,8700
6178824,3300,100000
6137637,700,10000
6116285,2500,20000
6146506,1600,30000
6049462,1600,60000
6448423,100,8200
6099694,3400,50000
6263413,2200,50000
6403704,50,9500
6287145,2200,40000
5929169,3700,20000
6141075,50,1700
6102710,100,2400
6154806,1400,40000
6270421,3400,60000
6201891,3400,80000
6104962,4400,30000
6369178,100,2900
6326865,400,20000
6316101,200,6800
6203119,2400,100000
6391414,1100,30000
5701260,300,4800
5849336,2900,50000
6048841,1000,18000
6424498,700,20000
6359013,2700,90000
6214101,300,7700
6282162,50,2800
6182541,2500,70000
5449070,1200,14000
6109259,3500,30000
6136748,100,5400
6121803,7000,70000
6081754,50,1600
6155200,1400,17000
6110332,800,13000
6317949,400,16000
6268037,100,10000
5913401,1500,30000
6041592,2000,30000
6270505,1700,20000
6401919,400,14000
6212885,1300,16000
6221825,2000,20000
6137634,700,10000
6259330,400,7000
5937501,1800,20000
6289336,300,19000
6386116,600,20000
6230375,50,2000
5661639,200,7900
6299269,200,12000
5982930,300,20000
6235439,700,20000
6197073,700,16000
5922490,2300,20000
5942616,900,18000
6308627,400,11000
6014456,600,30000
5915555,1500,20000
5951630,1400,17000
5821914,200,6900
6146048,100,3900
6139399,1100,17000
6109652,1500,19000
6433502,100,3300
6236479,2400,20000
6226653,600,20000
5849460,800,40000
5989916,800,9400
5657923,400,11000
5657924,400,18000
6471359,100,12000
6218111,1200,20000
6245413,100,10000
5975444,300,5500
5913494,7000,110000
6065391,500,18000
6238817,1400,14000
6251490,50,3100
6092155,800,17000
6253994,100,5800
6211467,50,2300
6221490,100,2800
6110567,200,7300
6222099,1200,50000
6154671,1700,50000
5879464,600,20000
6103310,300,13000
6183520,1200,30000
6369160,50,3200
5627632,600,12000
5944377,600,10000
6156717,2600,50000
6109260,700,8600
6130305,600,11000
6294241,200,6700
6252699,100,7600
5657927,200,9700
6481870,100,6300
6307390,900,20000
6262283,100,11000
6204872,1300,80000
6230378,800,19000
6176397,100,4500
6027807,50,1200
6052100,100,2300
6284794,100,4700
5627637,100,2800
6110854,2500,19000
6030424,3000,30000
6189135,1200,20000
6222308,400,9600
6212738,200,6700
6189119,800,15000
5915547,2300,15000
6386887,200,30000
6013679,3000,30000
6021028,50,3900
6259333,400,11000
6109561,100,1600
5849398,3700,70000
6326730,100,14000
5661641,300,10000
6138139,900,20000
6013713,8300,110000
5751971,400,5900
6084669,17000,30000
6338078,400,20000
6110840,200,4600
6176174,2100,40000
6049591,200,3200
5993397,50,2900
6289360,100,7300
6290681,100,6200
6123031,300,9000
6036991,100,2000
5942667,1100,20000
6334177,300,11000
6245773,900,19000
6081985,200,12000
6071184,1100,8200
6056986,100,4300
6299240,100,4500
6277097,300,5200
6313751,100,3700
5661405,400,19000
6237784,600,13000
6065398,50,1900
6551431,200,8400
6277980,50,4600
6215886,2200,50000
6455833,50,7900
6151613,50,2100
6128525,100,4000
5870353,1400,9800
6141323,100,5000
6146089,50,1800
6013647,3700,40000
6154432,4500,30000
6284825,50,5200
5913471,300,3500
5849033,4300,30000
6182599,50,2900
6237363,300,15000
5838009,300,4400
6350640,50,4500
6205028,50,2000
6139650,400,8800
5657932,200,5900
6326879,400,19000
6144499,1200,30000
6164272,1900,30000
6237451,50,3000
5870959,600,9800
6334156,200,7700
6014458,700,15000
6244975,50,4500
6089011,50,4100
6103298,3300,30000
5935559,100,700
6065687,100,15000
6061314,100,4400
6226755,600,12000
6163973,50,9500
6427667,50,7600
6162992,100,10000
6174279,300,20000
6373178,200,12000
5968764,200,4300
6411975,100,9500
6391406,200,7700
6178825,500,13000
6458885,50,1300
6236914,50,4200
5937518,600,3900
6286767,600,20000
6277096,400,5600
6134629,100,1300
6023759,100,1700
6206009,600,13000
5799261,700,5300
6391399,50,2900
6311781,500,9400
6361801,50,9900
6143240,300,8200
6297714,50,3800
6009316,4800,11000
6121213,50,3200
5961712,1100,5100
6423466,200,16000
6178571,200,5800
6081951,800,11000
6376241,100,11000
6156282,500,20000
6163980,200,17000
6278959,700,17000
6463419,50,1600
5910551,100,1100
6025826,100,2600
6415368,50,4800
5969642,800,14000
5927125,100,4100
6398739,200,9000
6074767,100,1600
6331486,50,5200
5871573,100,1300
6470022,200,15000
6524564,100,3200
6255759,1100,20000
6204711,1100,70000
6238791,1100,9300
6200675,2000,30000
6462793,50,2000
6155881,100,7700
5937262,600,6900
6001004,50,550
6222105,700,30000
6222104,50,3100
6029537,500,4800
6114419,100,5400
6178654,50,2700
5928016,50,400
6191598,50,1400
5968256,400,7100
6201822,1500,20000
6321579,50,2500
6327963,600,20000
6227277,100,4500
5888141,400,7000
6164131,200,7800
6378971,100,4200
6378970,100,4500
5935734,50,1900
6292377,50,8700
6009308,3200,4600
6332011,50,1600
5795917,400,9100
6313003,100,2000
6289463,500,13000
6415231,100,10000
6394421,50,1900
5701262,50,2500
6170145,400,20000
6291397,100,17000
6400029,50,5700
6288993,200,10000
6037142,400,11000
6037228,500,9000
6074216,200,4000
5938483,50,1100
6091993,50,3700
6204318,100,2700
6262860,100,3200
6132028,200,4300
6331944,50,3100
6314057,200,7300
5879466,200,2900
5657930,200,11000
6316026,200,7200
6425819,50,7800
6052853,100,2400
5849094,300,1800
6177073,50,2700
5751973,200,3700
6120812,400,13000
6243614,100,1200
6263205,100,19000
6178773,600,19000
6529591,100,1900
6121535,100,1000
5988687,1300,20000
6178823,400,11000
6453637,50,7100
6165417,100,4000
6147353,400,19000
6298610,200,18000
5969575,100,6000
6115062,100,3200
5993822,100,4000
6172615,50,450
6075111,100,2500
6270550,100,6100
6468347,200,20000
6202310,100,3800
6233456,200,3800
6155890,100,2300
6111913,50,1000
6183527,400,20000
6449611,100,18000
6221908,200,6800
6097176,200,12000
6316241,100,1300
5927988,200,5700
6164291,400,9800
6108172,600,11000
6490881,50,3900
5627631,400,6500
6359581,400,40000
6313794,200,20000
6313731,500,20000
6244871,100,9100
5997471,200,4800
6043421,50,1900
5944938,500,10000
6212827,100,2600
6227262,1300,16000
6186077,50,1400
6186109,50,1600
6127186,300,4000
6471366,50,8300
6218431,100,13000
6350646,50,6500
6237076,1000,17000
6056923,100,1300
6085561,200,4000
6386831,200,40000
6317927,100,2700
5977383,50,2200
6253553,50,5900
5960048,100,1600
6097344,50,900
6049269,100,3400
6034788,200,3500
5751970,200,2800
5795969,200,5500
6394441,50,7300
6278963,1200,30000
6012584,1300,40000
6126426,50,4800
6193743,500,8800
6185095,100,3400
6322878,50,3400
6185094,50,2000
6529590,300,8000
6471360,50,6000
5996797,50,750
6271331,200,3500
6224701,50,1200
6109139,100,3700
5937308,100,2600
5322301,700,12000
6004175,700,4900
6091613,50,2100
6183519,100,9900
6183506,100,10000
6065144,600,11000
6102533,200,2800
6270537,50,4600
6391691,900,20000
6061037,50,1000
6038615,300,1900
6123736,50,1500
6261622,400,2100
6110393,200,4000
6110346,50,1100
6110391,200,1800
6301263,50,1300
6323730,300,20000
6366788,400,14000
6241612,100,1500
6271336,200,2500
6113358,400,2200
5888145,300,5400
6238741,100,550
5838003,600,2300
6071630,2900,90000
6197075,300,6700
6132522,100,1500
6220926,300,8200
6281827,400,6400
6184726,50,2300
6134602,200,3200
6097227,50,450
6322824,100,4800
6075612,50,1100
5992306,1300,30000
6149085,100,2500
6441758,200,30000
6178774,100,3700
5985938,300,4900
5839326,100,1700
6109249,2000,14000
5951665,200,2700
6306558,200,8700
6306447,100,4300
6076948,300,11000
5896699,400,16000
6018937,300,4600
6241860,700,9600
6241912,100,1600
6481869,50,5200
6217135,900,20000
6321982,1000,20000
6242447,2400,30000
6183528,1100,40000
6228712,50,1000
5902989,100,5500
5929984,50,800
6260265,1100,11000
6043761,200,8800
6190798,100,5000
5941704,3400,60000
6176067,900,20000
6000058,500,30000
6367855,50,2100
6271294,1000,19000
6344637,50,3400
5983378,800,30000
6416465,700,30000
6345367,50,11000
6345632,400,30000
6244974,200,7100
6290703,50,5800
6226566,600,30000
6262846,200,5600
5932228,500,3900
6425818,300,12000
6442156,100,7500
6119282,200,6300
6290684,400,17000
6290587,50,4200
6103360,100,5300
6278378,50,7800
6315191,50,4400
6140944,1400,17000
6321196,200,6700
6187691,400,20000
6155564,300,10000
6204141,100,6200
6270546,200,20000
6481868,50,3800
6471921,400,13000
6073090,300,7800
6359008,2400,50000
6331284,50,650
6296854,100,5200
6109239,2200,20000
6109237,2300,14000
6009668,100,5000
6237040,300,11000
6273841,900,14000
6142628,200,14000
6203854,1700,30000
5849399,2400,30000
6331318,50,1700
5866769,7200,17000
6286766,300,20000
6487870,300,12000
6197080,2000,30000
6507757,50,9400
6352237,300,7300
6099337,100,1400
6221780,100,7400
6381410,200,13000
6415687,400,14000
5940566,100,900
6221339,50,3400
6146695,300,9200
6503006,50,3200
6263393,1100,10000
6386047,500,17000
6174300,200,10000
6330365,200,9400
6131110,200,5200
6278962,2100,30000
6120868,800,20000
5923015,400,5200
6045652,1000,20000
6103362,400,20000
6348086,200,4800
5718867,500,8600
6515776,50,2200
6204374,50,13000
5989856,100,8600
6373264,50,4500
6151245,50,1600
6144502,500,17000
5821913,200,10000
6190799,100,6400
6305141,50,3800
6076949,100,5700
6190793,50,3300
6266439,100,18000
6275106,50,3300
5945895,1200,10000
5903134,100,1600
6392200,300,30000
6401726,200,10000
5983841,6800,20000
6211659,1400,13000
6296867,300,7900
6182788,1900,18000
6372123,300,6300
6195559,1900,40000
6394439,50,5700
6290675,50,5100
6061364,50,2100
6207530,100,5300
5860714,500,10000
6103354,100,4400
6278964,1600,30000
5626710,800,9000
6386864,100,20000
6046710,800,16000
6187592,100,12000
6131590,50,850
6116280,400,8200
6287132,500,20000
5825945,100,2500
6154607,100,4200
6350645,400,18000
5993286,900,20000
6237394,300,14000
5951631,1000,8700
6359183,100,20000
6139177,100,6200
5849051,2500,20000
6084394,100,2400
6176065,700,19000
6037413,100,6800
6213239,600,10000
6174281,100,5700
6221237,100,10000
6211556,50,2500
6203503,300,6400
5983379,400,20000
6211112,100,8100
6237008,600,20000
6234111,700,10000
6416502,50,10000
6034790,1000,16000
6137615,100,4000
6137627,300,5300
6137613,300,5800
6142627,100,3900
6041644,400,5300
6154819,1600,30000
6299893,100,12000
6174418,50,1200
6305662,50,8200
6305432,200,9600
6326051,200,7400
6224343,1500,30000
5879465,400,5800
6501597,100,2100
6460106,100,7500
6156260,200,3700
6238999,400,4700
6098015,800,20000
6098013,500,11000
6098010,100,6900
6331509,50,1800
6340020,50,13000
6046291,400,4600
6155561,300,4600
6432189,100,14000
6246979,300,14000
6089836,100,5000
6262054,200,8700
6300448,50,5200
5466466,400,10000
5661640,700,20000
5662188,600,11000
5895087,5500,17000
6236809,1700,40000
6251563,100,4500
6061788,50,800
5972144,1000,20000
6157663,300,11000
6176062,100,6100
6197079,12000,230000
6068184,10000,70000
6230371,2300,50000
5982722,3500,60000
6255589,3600,50000
6064511,1000,30000
6265580,4200,60000
6266538,2700,70000
6006614,50,1200
6092186,4800,30000
5918987,3400,30000
5921274,5000,70000
5866642,10000,50000
6154426,3600,60000
6255590,2200,30000
5919266,6000,80000
5945210,14000,70000
6164607,2700,40000
5795928,2400,80000
6238770,2700,40000
6405253,200,12000
5795893,900,20000
6152463,1400,19000
6299602,100,13000
5750446,300,7600
6110843,1100,20000
6391286,3400,80000
6439822,300,6700
6122223,100,7100
6278961,2100,30000
5903174,600,10000
5864297,18000,60000
6089885,100,5300
6329620,1700,20000
6078643,6700,40000
6301768,50,2000
6359009,2000,40000
6108861,50,7100
5860706,500,15000
6202204,1000,8000
5919801,2600,20000
6164604,400,10000
6439895,400,20000
5860705,600,12000
6312927,700,18000
5795926,1100,40000
5982721,1200,20000
6224315,1600,40000
6389715,400,11000
5901746,100,2500
5755287,200,6900
6031940,100,2500
6229306,1000,30000
5768101,400,12000
6297968,100,7800
6335903,100,9400
6164612,1300,20000
6108170,4700,40000
6079366,200,3700
5894275,100,2600
5864299,8500,18000
6229290,200,8300
5921072,1100,9800
5864864,500,7400
6123590,1000,20000
5934963,1600,20000
5750445,200,9500
5983425,400,13000
6146614,50,2000
6229206,200,30000
5755346,600,12000
6411503,200,11000
5755284,500,10000
6075221,1200,30000
5755288,100,6000
5795895,400,13000
5750448,400,17000
6203093,50,2400
6317952,800,17000
6322928,700,20000
6212103,900,9800
6149980,50,800
6182247,100,3400
5824390,600,30000
5768119,400,9400
6359010,200,8100
5982724,1000,8400
6219853,50,1700
6221839,1000,15000
6127802,200,2700
5944321,50,4700
6005602,1200,20000
6229208,200,13000
6255767,100,6500
5919305,400,5200
6137340,100,5300
6326890,100,5100
5755341,200,7100
6110845,3300,60000
5768120,600,13000
6238767,500,19000
6211670,700,9500
6026753,50,1300
6515288,50,1100
6132952,600,14000
6064520,400,8900
6332306,100,2700
6172609,50,1500
5815485,100,3200
5820419,400,9100
5978027,200,3900
5975326,100,4000
5755359,100,6000
5755356,50,2800
5755357,50,2300
5322288,50,1600
6062458,50,1900
6154430,200,5800
5942489,200,1500
6335894,50,6400
6079387,200,10000
6120469,50,1600
6075223,100,2900
6085083,700,10000
5971103,50,2200
6023942,100,8700
6411482,200,11000
5969253,1200,11000
5894434,800,2800
5903168,300,6800
5920850,3400,20000
5875610,50,700
6052834,50,3000
6350532,50,3700
5864294,8200,20000
5908731,100,1200
5908780,200,2000
6365160,50,7800
6143119,200,4500
5774852,300,5400
5899294,3800,15000
5916590,3100,20000
6148644,500,18000
6084848,100,2500
6111131,400,14000
6164605,100,5500
6185949,200,4000
5802209,13000,19000
5952499,100,2500
6084846,100,4500
6000291,100,2600
5871925,100,1000
6407685,100,8100
5795927,900,30000
5912534,50,1200
5797030,100,2300
6183572,100,6600
6179461,50,7200
5903165,100,1900
5911856,100,1800
5870436,200,2800
6089887,50,3300
5946395,50,750
6236671,50,1900
5888188,100,1600
6441487,300,9600
5858719,200,8100
6229386,50,4100
6229385,50,3700
5938783,50,2100
5755355,100,2900
6164606,1700,20000
6507747,100,12000
5866558,6800,60000
6175698,50,3500
6092188,1700,30000
6296337,100,9700
5894206,50,1700
5768106,100,3900
5858718,400,11000
6248167,100,6200
5934964,300,5600
6375964,100,7500
6067400,400,9900
6439877,200,6100
5909902,50,2500
6175490,50,2300
5755352,200,5200
5972533,200,10000
6411495,50,2700
6239798,900,16000
6124020,600,15000
6287108,400,20000
5944511,100,3400
5944476,100,2500
6238627,100,2500
6143128,100,3800
6049522,200,3400
5897683,50,1400
6192228,50,6800
5795976,50,3800
6269301,100,1800
6352770,50,1400
6288590,200,4400
6244977,50,2600
6020523,300,5600
5859124,50,2700
6066555,50,1700
6322931,300,15000
5923146,200,4400
5951153,50,1100
6378659,200,5500
5952497,50,750
5892071,800,17000
5859122,400,11000
5859119,300,4100
5859114,100,1600
5870503,300,9500
5969353,400,7400
6114134,600,20000
5871617,900,14000
6092187,3000,30000
6070066,100,20000
6199281,50,9300
6197078,800,11000
5937490,50,1100
5952495,100,1400
5849537,100,2600
6049473,50,4700
5959096,1000,8800
6091061,500,11000
5982729,1100,14000
5951696,50,2200
5755336,100,6600
6248257,50,1500
6341600,50,2100
5876373,50,1000
5915428,4300,20000
5931105,600,12000
6052428,50,4200
5980895,800,40000
6382829,500,18000
6334140,200,9800
6334138,100,6200
6318327,50,1200
6092386,100,2600
5934879,1500,10000
6235530,200,3900
6199269,200,6400
6331379,100,5700
5864286,2800,19000
6094800,100,1500
6213196,300,8200
5755285,100,7400
5904708,50,1100
5904706,50,1400
6312088,200,5500
5824388,300,20000
6261836,100,11000
6359631,50,8200
6120332,100,4600
5908751,200,2200
6056579,1300,30000
6091983,300,11000
6123594,100,6200
6178807,50,5400
6123608,50,4200
5770758,200,1800
6145255,900,20000
5885610,50,1400
6154072,300,13000
6364351,400,17000
5903176,800,11000
6072000,50,4100
5906086,1000,8900
5951110,50,650
5796373,100,1800
6119340,600,17000
5967093,200,2700
6121800,1700,20000
6026931,200,7200
6381726,50,5600
6283764,50,5700
5897677,300,3700
6154429,600,8200
6164608,1900,30000
5968245,200,2800
6082337,100,2800
6192755,500,11000
5755335,400,9500
6022209,100,2000
6217134,600,17000
6115300,100,2600
6391376,400,7600
6054658,50,2100
6007042,200,3000
6034097,100,1100
6193832,50,3400
5943568,50,2200
5815482,100,3700
5755347,100,4200
6015232,500,11000
5956411,1600,11000
6111762,200,5200
6312187,300,7400
6150969,300,12000
6091259,50,1100
5873819,300,10000
5873654,400,2600
6368464,50,1400
5930331,100,2900
6285361,50,2500
6031938,50,2300
5999944,100,4700
5755340,300,7400
6199261,50,3600
6330274,500,11000
6071165,100,2400
5915858,50,1100
6217388,100,7500
6172611,200,5300
6115203,100,2300
6143124,50,2200
6253516,50,4100
5837997,1300,9100
6119339,1500,30000
5886749,50,3800
6329615,900,12000
6175780,100,4300
5820423,100,5400
5953457,1400,10000
6202319,200,2800
5815484,100,4900
5983418,50,600
6380856,300,11000
6380860,200,7800
6318417,100,2200
6352768,100,5800
5998710,50,4900
5902842,100,600
5791537,100,850
6318438,50,850
5998519,200,1700
6111132,50,2000
5928457,300,9000
6299611,50,3700
6336849,50,3300
6285350,100,4500
6191106,100,4300
6426192,50,2000
5934961,1500,14000
5871982,50,250
6048129,200,3700
6271273,400,5300
6347249,50,3500
5893929,100,550
6042266,50,600
6022199,200,9600
5755286,400,19000
5945202,300,8800
5928541,800,11000
5983424,100,3600
6120267,50,1600
5757899,100,3900
5757900,50,2400
6507746,50,5700
6143121,100,3400
6363423,300,12000
5894437,2300,7300
6294202,200,6500
5994049,50,1200
5755311,100,5900
5936102,100,3200
6287125,200,6700
6177005,300,14000
6148749,100,6900
6154516,300,8900
6301740,200,12000
6017284,100,1400
6103413,100,5000
6110844,700,15000
6000402,300,7400
6174877,100,2700
5995449,50,1600
6435455,50,2400
6150961,400,9500
5956403,100,1700
5934880,600,3100
5899307,1900,7600
6248086,100,4500
6224875,100,6400
5911513,1100,5400
6363430,100,9000
6363433,100,6500
5911449,100,6600
5986830,100,2900
6014436,300,13000
6124021,100,8100
6039776,50,1300
5755271,400,2500
5755312,200,5200
6261838,50,7000
6212706,50,1200
5864285,3400,20000
5994026,200,3700
6392318,400,13000
6168596,50,3400
6191109,50,2500
5919032,1200,10000
5755289,400,9400
5750447,300,12000
6091255,50,550
5755291,50,2400
6038605,500,6500
5874278,400,6800
6038608,200,2800
6084722,700,5500
6298002,300,15000
6195540,50,6800
6251241,100,3900
6084837,50,3400
6212723,100,5200
6164602,400,11000
6499247,50,1500
5768114,100,5400
6041790,100,2000
5968246,100,3300
6236655,100,1500
5930820,200,4300
6175820,100,4900
5755337,200,8000
6123596,100,3800
6224314,700,12000
6224312,200,6900
5860703,300,9700
5897347,400,14000
6304750,100,9800
5768102,100,2000
5821636,500,2600
6234989,50,3800
6235066,100,3400
6157179,100,1700
5755334,700,14000
5860716,1100,12000
6248259,1100,8500
6131105,50,2100
6178395,100,1600
5877249,300,7700
6288246,100,2100
5977356,100,3500
6338111,50,1200
5815489,400,4100
6393292,200,4600
5449145,500,6800
6390793,200,4000
6230191,50,1200
6275094,100,8700
5768122,300,10000
5795892,200,9400
5795891,200,7000
5795890,200,4400
6053501,50,400
5944335,100,4500
5860696,500,2800
6227172,100,2600
5881740,100,1900
6134465,50,800
5755278,50,2400
5767021,200,4200
5755350,100,3700
5755349,100,3100
5755361,50,3900
5755360,50,3100
5829560,500,5900
6280769,100,7400
6280755,50,3200
5968974,50,2400
5881991,200,3300
5815483,50,1800
6046455,50,1300
6441507,50,3100
6328880,100,7000
6394391,50,1900
6363324,50,3300
6225858,300,3700
6225862,400,14000
5935161,400,7500
6255765,200,6500
5795925,100,13000
6262222,100,5900
5929120,100,9200
6270564,50,3700
6131828,400,7000
6046318,200,2100
6226162,50,1600
6214061,200,10000
5695797,900,30000
6092190,6400,80000
5695796,600,16000
5695795,1200,50000
5897765,100,2100
6326050,1100,50000
5721304,100,5800
5990760,1600,50000
6251560,50,7500
5734701,200,8800
6051318,100,12000
6069482,100,3300
5924507,50,1400
6081796,200,4200
6220531,50,2000
6176365,50,2200
5980112,1400,17000
5662197,500,6900
6216223,100,6000
5795971,200,14000
5930123,400,3200
6492271,50,1300
5951991,50,700
6100901,1600,20000
5994876,1100,12000
5839106,400,1300
5860699,300,3600
6445801,100,8300
6350531,400,19000
6035171,100,4100
5795929,300,12000
6048605,400,17000
5870526,2200,20000
5721303,400,11000
5870962,900,13000
5919870,100,1000
6084925,200,1700
5874823,100,600
5973119,50,5500
5948578,50,350
5876375,50,1700
6111755,200,6500
6192200,50,4500
6051156,200,15000
6057479,5900,50000
6076749,300,6700
5899194,800,2800
6298180,100,5600
5900201,600,13000
5755306,100,1200
6331970,50,3200
6070651,50,1300
5909712,50,2100
5943431,2800,30000
5943429,2800,20000
5943430,300,8400
5910326,200,3300
6000377,50,850
5992259,400,2100
5662181,300,4200
5662200,300,3800
6005025,200,6500
5734698,300,11000
6051317,50,7600
6133753,50,5400
5811325,100,9600
5939060,200,1800
5662198,200,3000
6011866,100,3400
6394273,50,3900
6015152,50,1900
6002714,100,2200
5923321,500,4000
5721306,100,6900
5898338,1600,2000
5721296,100,850
5755625,50,2300
5671230,50,3900
5849242,100,14000
6121748,100,2400
5755623,300,10000
5671236,500,30000
6229909,100,3500
5695798,700,20000
5695799,400,15000
5953433,200,10000
5983390,100,1100
6213448,100,4100
5932521,100,1000
6355810,200,4800
6041872,800,15000
6331313,50,5900
5626720,300,8500
6014521,300,4100
5864298,1200,2500
5755364,50,3400
5753636,100,4500
5795970,50,4900
6127413,1300,14000
6021297,50,3100
5984599,100,8100
5927502,100,3200
5923260,100,950
5994913,50,3600
5662183,100,2000
5996487,200,3300
5795931,500,12000
6051319,50,9400
5948055,1600,17000
5795930,200,8500
5671203,100,10000
6013272,50,1400
6234409,800,14000
6059173,100,1000
6019351,600,1000
5989085,50,1100
5466470,400,1300
5923266,100,1000
5916182,1800,18000
5916742,600,2200
5671232,50,6700
5982730,400,4400
5982726,600,8600
5795972,100,7200
6041618,1200,16000
5973129,50,2200
6109219,50,5200
5910270,3800,4800
6048606,100,3200
5876523,50,700
5968568,100,2400
5909711,100,4100
6266942,100,5100
5929097,1000,7200
5876530,300,2300
6051006,100,1300
5928554,1400,2400
5864281,100,2200
5866788,2000,1700
5856676,800,7100
5695781,100,2400
5695783,100,3300
5848658,1200,1600
4698054,200,650
5966600,100,8300
5899306,400,1500
5963446,400,2500
6286537,50,1100
5695782,100,2400
5671234,200,7600
6195094,2400,20000
6000424,300,5600
5941538,1700,7000
6101999,100,7800
5701880,50,2800
5960190,200,5900
5908006,400,1200
6032982,100,2100
6103690,300,2900
5938569,50,8900
5869369,50,700
6002272,200,850
5996711,1000,550
6032299,50,850
5990761,300,30000
5948581,500,1400
5759548,3600,20000
6016017,1700,17000
5928567,600,6700
6035174,1100,12000
5993520,100,6800
6367307,100,9800
6129512,100,7200
6024472,300,16000
5960873,100,2700
6051864,50,9600
5924495,1000,17000
5894703,700,15000
5866815,4700,5800
5755363,200,10000
6024471,1400,18000
6310628,50,5800
6018350,100,9300
6218663,100,8800
6431236,50,3400
6017109,200,9000
6005543,700,8900
6009183,300,6600
6140464,100,5800
5886401,100,5900
5899301,3200,16000
6012536,200,3100
5671244,600,14000
6286683,50,11000
5996268,50,10000
5829851,2600,6100
5915612,100,4300
6104961,900,17000
6284785,100,10000
6016013,1700,9900
6227865,50,4800
6064329,500,5100
5994877,400,8600
5750480,700,5700
6275700,50,4600
6041633,600,7300
6036177,50,5300
5982825,400,6800
5968925,50,1400
5734699,100,7000
6109106,400,4300
5929101,50,7300
6255481,100,5200
6026187,100,6000
5871612,200,4800
6084316,200,9800
6064315,100,3700
5893673,300,5400
6136350,50,4100
6101998,100,10000
5990762,100,8200
5874491,900,7600
6326053,50,5100
6076751,100,4600
6314223,50,4100
6298179,100,6200
6260177,800,9400
6182222,100,4300
5959392,400,5800
5915063,500,8300
6149015,50,5100
6109105,500,4800
6083423,100,5900
5902563,500,5900
6401811,50,5100
6227244,300,7600
6005539,200,5600
5947552,100,8400
5872106,1600,3200
5864289,3000,11000
5852531,600,4100
6021296,50,4500
6017114,100,5900
6012422,100,4700
6010637,50,7500
5992470,100,4800
5985944,100,2700
5936164,1700,5700
5909623,100,2300
5820431,400,1500
6260178,50,3900
6083485,100,7500
6035188,100,3200
6023628,100,5500
5929098,300,5200
5925356,200,4100
5913821,50,1200
5817504,200,4300
6247126,200,10000
6114125,100,4200
6035180,50,2800
6005541,400,4600
6005534,50,600
5918871,50,2200
5915068,400,5500
5872552,100,550
6326063,200,7000
6259277,100,7900
6107994,100,6600
6079029,50,4900
6045607,50,4500
6026188,50,2000
6024469,700,5300
5982728,1500,7100
5982720,200,4000
5980648,200,9700
5968876,500,2300
5935035,50,3200
6223939,50,4700
6192204,100,4600
6165379,50,4300
6058404,50,1500
5970726,50,2600
5947551,100,6000
5929102,100,7800
5925357,100,4400
5924498,50,1900
5918874,50,4600
5898368,1300,6100
5806170,400,1600
6026708,50,2300
6015145,100,4700
5994906,50,1700
5918875,50,2600
5918870,50,4800
5911397,100,2700
5909740,50,2900
5859932,1200,5700
5844915,400,4100
5825924,50,2800
5662184,100,2900
6445916,50,3700
6143693,200,4800
6114116,50,5400
6096888,100,3800
6089003,50,2500
6073698,50,600
6060943,100,1500
6012200,600,6300
5994907,100,3200
5960872,100,1400
5913088,50,1400
5911363,500,1300
5909629,50,2300
5902559,100,2500
5901743,300,3600
5898780,7800,3500
5864290,800,4500
5849240,50,4000
6298198,50,4100
6177677,100,4700
6131584,50,1700
6099728,100,4200
6085523,50,2100
6060332,50,1800
6052419,100,2900
6021332,50,2700
5984444,300,5500
5952156,100,1000
5915561,200,4100
5901745,50,2100
5897676,200,2900
5849243,100,6100
5821632,300,3000
5671247,200,8300
6050702,300,1000
6031981,400,2300
6011591,100,2100
5982826,50,2500
5975120,200,6100
5951766,100,1800
5928568,100,2900
5922681,100,2300
5903615,50,2000
5901742,300,2300
5901740,300,3100
5899764,1000,3500
5899300,900,2900
5899195,700,2100
5849288,100,5100
5825948,50,2000
5662199,100,2600
6239344,50,3500
6176351,50,2600
6108143,100,1100
6093483,50,3000
6070731,50,1500
6021248,100,1300
6015149,50,3200
6005538,300,5400
5996267,50,3000
5971217,100,1000
5937253,50,2100
5936191,50,1600
5932501,300,2000
5908832,300,2600
5903154,300,1000
5894704,100,2000
5886360,50,1600
5873324,50,1900
5819287,500,2000
5813203,100,1200
5755365,50,3200
5755321,600,2800
5753638,50,3400
5671204,100,5900
5662201,200,3900
6304675,50,3700
6267204,50,4000
6171072,50,1900
6147324,50,1500
6058439,50,2500
6041357,50,550
6039783,100,1000
6022760,600,3200
5982719,50,1500
5968330,50,2000
5960871,100,1000
5949932,200,1900
5948067,800,7600
5929760,200,8600
5899492,800,2700
5891091,100,1900
5874495,50,3300
5873333,50,2900
5873332,400,6500
5864282,50,3500
5815348,400,3200
5755618,400,1600
5721310,300,6700
5671240,200,7600
5661628,400,15000
5698171,100,7900
6067441,100,2600
6403694,50,5500
5906355,200,8900
5824387,200,4500
5906354,400,11000
5698174,100,16000
5983733,100,1800
5661619,1000,30000
6381731,100,7600
5820416,500,17000
5983366,600,20000
6299855,100,16000
5698169,100,6100
5698181,300,16000
5661620,1100,20000
6061012,100,4500
6135736,50,2400
5934781,200,3600
5824385,300,11000
5698191,100,1900
5795973,100,6600
6386646,100,20000
5698187,100,13000
5661629,100,9200
5895420,50,4800
5698183,200,6400
5661662,50,6400
5885814,100,4000
5869204,200,5300
5626723,400,5100
5906356,100,5300
5860539,2300,9700
5698170,50,3200
6244864,50,900
5661630,50,6400
5996279,50,2800
5938992,50,2000
5848882,200,6300
5698185,300,8700
5699913,50,5400
6178629,50,1900
5698182,400,20000
6023026,100,4000
6000999,50,1100
5661624,200,16000
5661617,600,18000
6182664,50,5400
5698184,200,5500
6266316,200,9500
6266331,50,7400
5661625,200,7700
5661661,100,8100
6210163,50,8800
5698176,100,12000
5768112,100,5800
5698175,200,18000
5626722,500,5300
5698168,50,4500
5824386,100,3000
5661621,500,6800
6386797,100,20000
6122836,300,9200
5882410,50,7600
5795974,50,5200
5795871,200,4700
5795874,100,3800
5795872,100,7400
5935862,50,800
5936309,50,18000
5820417,300,20000
5885537,300,5700
5698189,100,4700
5795897,100,20000
6044326,200,16000
5996783,50,8000
5698178,100,19000
6182661,50,7500
6299861,100,12000
6107061,50,5400
5699914,50,5600
6149113,50,7000
6386768,50,11000
5698179,100,5600
5698186,50,8400
5895425,50,4600
5979979,400,5600
5925968,200,6400
5820418,50,6700
6266327,50,4400
5875753,50,450
6077337,50,8400
6020342,100,3100
5938993,100,2600
5795898,100,7900
6108904,50,7000
5887425,50,3000
5698177,200,6900
5661622,200,4500
5795942,200,10000
5661623,100,4900
6149411,100,4300
6084074,100,4700
6061032,50,2800
6121448,50,2200
5937779,50,2300
6182588,200,3300
6043072,100,2200
6017115,100,4500
5983369,100,5000
5698180,50,3100
6296528,50,5000
5935836,100,1700
5901754,200,2400
6278994,100,3500
6061015,100,4600
6182590,100,2300
6150910,100,7900
6075491,100,2500
6266313,50,2100
6081823,100,2300
6032207,100,3100
6015421,50,1900
6007612,50,2300
5910325,50,6800
5698172,100,2900
6121407,50,3200
6084073,100,4400
5929494,100,4400
5886005,50,1600
5885538,50,2700
6054272,100,4200
6039223,100,5100
6067437,50,1800
6044400,50,1700
5698190,50,1900
6241197,50,3100
6225871,50,4500
5983686,50,2900
5934768,100,3000
5897111,50,1900
5889038,50,1400
5698173,50,1300
6182592,50,3700
6084234,50,950
6009020,100,1700
6000623,100,3300
5935832,300,3500
5768111,100,3500
6290345,100,3300
6290152,300,7900
6168821,50,2600
6150940,50,5200
6000624,100,3800
5795905,50,2400
5860541,500,3800
5980734,50,1700
5901751,200,2100
5901390,50,750
5888858,50,1400
5795943,100,4700
5698192,100,3600
6149397,50,1200
6061389,50,900
6061026,50,1300
6032103,50,1600
5993257,50,4100
5980747,50,1400
5949835,50,1800
5901750,200,2000
5885805,50,3500
6026208,50,2800
5934785,50,1400
5930716,50,2200
5905799,100,2200
5835463,50,2500
